{
    "value0": {
        "T_imu_cam": [
            {
                "px": 0.06996004283428192,
                "py": 0.12082995474338532,
                "pz": 0.011740002781152726,
                "qx": 0.012243964923708034,
                "qy": 0.029948966872381957,
                "qz": -0.7088765772610194,
                "qw": 0.7045900530925242
            },
            {
                "px": 0.06995996832847595,
                "py": -0.014150027185678482,
                "pz": 0.011740002781152726,
                "qx": -0.04963764281588985,
                "qy": -0.020835644587895217,
                "qz": -0.7092140672019651,
                "qw": 0.7029348385256882
            }
        ],
        "intrinsics": [
            {
                "camera_type": "kb4",
                "intrinsics": {
                    "fx": 415.64824590633858,
                    "fy": 415.76069119888509,
                    "cx": 468.0581159521752,
                    "cy": 479.56410981644219,
                    "k1": 0.18855808174255163,
                    "k2": 0.04386240966987165,
                    "k3": -0.22055529813597883,
                    "k4": 0.08810266582767379
                }
            },
            {
                "camera_type": "kb4",
                "intrinsics": {
                    "fx": 417.12849271354505,
                    "fy": 417.20377461525148,
                    "cx": 470.22464007106239,
                    "cy": 484.5293251675169,
                    "k1": 0.20881432772038248,
                    "k2": -0.009630217339015134,
                    "k3": -0.1619005634825258,
                    "k4": 0.06600411110996352
                }
            }
        ],
        "resolution": [
            [
                960,
                960
            ],
            [
                960,
                960
            ]
        ],
        "calib_accel_bias": [
            0.00750757334753871,
            0.062273118644952777,
            -0.44654926657676699,
            -0.0009118914604187012,
            0.0,
            0.0,
            -0.000423431396484375,
            0.0,
            -0.004285037517547607
        ],
        "calib_gyro_bias": [
            0.0259307399392128,
            -0.0017332215793430806,
            0.011231298558413983,
            0.0,
            0.0,
            0.0,
            0.0,
            0.0,
            0.0,
            0.0,
            0.0,
            0.0
        ],
        "imu_update_rate": 1000.0,
        "accel_noise_std": [
            0.016,
            0.016,
            0.016
        ],
        "gyro_noise_std": [
            0.000282,
            0.000282,
            0.000282
        ],
        "accel_bias_std": [
            0.001,
            0.001,
            0.001
        ],
        "gyro_bias_std": [
            0.0001,
            0.0001,
            0.0001
        ],
        "cam_time_offset_ns": 0,
        "view_offset": [
            -69.28386582235271,
            1.149825238508413
        ],
        "vignette": []
    }
}
