{
    "value0": {
        "T_imu_cam": [
            {
                "px": -0.12166834891308945,
                "py": -0.07181103455017918,
                "pz": -0.011911760520876827,
                "qx": 0.999206844251353,
                "qy": -0.008523559718599975,
                "qz": -0.038897421992888748,
                "qw": 0.00014796379001732346
            },
            {
                "px": 0.01420381850378786,
                "py": -0.07210250697028055,
                "pz": -0.0115618286902715,
                "qx": 0.9990931516177515,
                "qy": -0.011906493530393766,
                "qz": 0.03990451825243117,
                "qw": 0.008873512571741
            }
        ],
        "intrinsics": [
            {
                "camera_type": "kb4",
                "intrinsics": {
                    "fx": 418.49831165830809,
                    "fy": 418.89088723613158,
                    "cx": 469.2418843236255,
                    "cy": 479.63486194465886,
                    "k1": 0.19769780115944078,
                    "k2": 0.01770447140547479,
                    "k3": -0.1941912666695437,
                    "k4": 0.07699772953439047
                }
            },
            {
                "camera_type": "kb4",
                "intrinsics": {
                    "fx": 420.04660823900977,
                    "fy": 420.6075474664242,
                    "cx": 469.11670321129739,
                    "cy": 484.8160126942177,
                    "k1": 0.20197322375661307,
                    "k2": 0.0025001727944286178,
                    "k3": -0.16895761281263989,
                    "k4": 0.06397378938478488
                }
            }
        ],
        "resolution": [
            [
                960,
                960
            ],
            [
                960,
                960
            ]
        ],
        "calib_accel_bias": [
            -0.0032706502644328728,
            0.04876764062017021,
            0.26584577729679628,
            0.0,
            0.0,
            0.0,
            0.0,
            0.0,
            0.0
        ],
        "calib_gyro_bias": [
            -0.007320807811266818,
            -0.002073589257968562,
            -0.006261471706304642,
            0.0,
            0.0,
            0.0,
            0.0,
            0.0,
            0.0,
            0.0,
            0.0,
            0.0
        ],
        "imu_update_rate": 1000.684,
        "accel_noise_std": [
            0.016,
            0.016,
            0.016
        ],
        "gyro_noise_std": [
            0.000282,
            0.000282,
            0.000282
        ],
        "accel_bias_std": [
            0.001,
            0.001,
            0.001
        ],
        "gyro_bias_std": [
            0.0001,
            0.0001,
            0.0001
        ],
        "cam_time_offset_ns": 0,
        "view_offset": [
            0.0,
            0.0
        ],
        "vignette": [
            {
                "value0": 0,
                "value1": 10000000000,
                "value2": [
                    [
                        0.9898682069338376
                    ],
                    [
                        0.9929898271627897
                    ],
                    [
                        0.9940074100137901
                    ],
                    [
                        0.9936464343501958
                    ],
                    [
                        0.9950861903970771
                    ],
                    [
                        0.9948097576231497
                    ],
                    [
                        0.9944732175495928
                    ],
                    [
                        0.9953463436987776
                    ],
                    [
                        0.9955094850118411
                    ],
                    [
                        0.9955579738911767
                    ],
                    [
                        0.9958186827413016
                    ],
                    [
                        0.995685965042135
                    ],
                    [
                        0.9946280028069131
                    ],
                    [
                        0.9936165062603832
                    ],
                    [
                        0.9923499035417912
                    ],
                    [
                        0.9920729662205875
                    ],
                    [
                        0.9916729285022595
                    ],
                    [
                        0.9903197966509819
                    ],
                    [
                        0.9890578609526671
                    ],
                    [
                        0.9884515731856509
                    ],
                    [
                        0.9877888811241462
                    ],
                    [
                        0.9855441195457653
                    ],
                    [
                        0.9817433270600844
                    ],
                    [
                        0.9774832187878639
                    ],
                    [
                        0.9733175485319077
                    ],
                    [
                        0.9685048488565828
                    ],
                    [
                        0.9623670689724617
                    ],
                    [
                        0.9557602719505385
                    ],
                    [
                        0.9466382869146086
                    ],
                    [
                        0.9374319626326225
                    ],
                    [
                        0.9292560207243795
                    ],
                    [
                        0.9172630681422301
                    ],
                    [
                        0.9050214655447063
                    ],
                    [
                        0.8943105814362297
                    ],
                    [
                        0.8831577595187774
                    ],
                    [
                        0.8694581264949867
                    ],
                    [
                        0.8534444022858827
                    ],
                    [
                        0.841144438577933
                    ],
                    [
                        0.8275693298483408
                    ],
                    [
                        0.8139698651992181
                    ],
                    [
                        0.7983552313289776
                    ],
                    [
                        0.7812798922319232
                    ],
                    [
                        0.7670352641785346
                    ],
                    [
                        0.7520840289392227
                    ],
                    [
                        0.7372149839817043
                    ],
                    [
                        0.7200528243004198
                    ],
                    [
                        0.7035441803210338
                    ],
                    [
                        0.6902001785450113
                    ],
                    [
                        0.6716330836677162
                    ],
                    [
                        0.6326810884960313
                    ],
                    [
                        0.5124706644377498
                    ],
                    [
                        0.27678381464173
                    ],
                    [
                        0.11025447147073299
                    ],
                    [
                        0.07208795946529911
                    ],
                    [
                        0.07565631747396549
                    ],
                    [
