{
    "value0": {
        "T_imu_cam": [
            {
                "px": 0.07126123181834619,
                "py": 0.1247175681675413,
                "pz": 0.012529085831467876,
                "qx": -0.027892638090326488,
                "qy": -0.027196997704663357,
                "qz": -0.7008503971662159,
                "qw": 0.7122436695739542
            },
            {
                "px": 0.07178048482779896,
                "py": -0.011092408510883072,
                "pz": 0.011902441605404995,
                "qx": 0.021407514400701753,
                "qy": 0.03487176269953964,
                "qz": -0.698295419431924,
                "qw": 0.7146391996621822
            }
        ],
        "intrinsics": [
            {
                "camera_type": "kb4",
                "intrinsics": {
                    "fx": 418.4937219641324,
                    "fy": 418.88566675797986,
                    "cx": 469.2376269988775,
                    "cy": 479.6346267944694,
                    "k1": 0.19771927883857103,
                    "k2": 0.01764018612255161,
                    "k3": -0.19409521852933249,
                    "k4": 0.07695289412745098
                }
            },
            {
                "camera_type": "kb4",
                "intrinsics": {
                    "fx": 420.04497130148,
                    "fy": 420.60590071670057,
                    "cx": 469.1192756158109,
                    "cy": 484.81937612048446,
                    "k1": 0.2019733681241996,
                    "k2": 0.002491332172248192,
                    "k3": -0.1689270204556334,
                    "k4": 0.06395546996006813
                }
            }
        ],
        "resolution": [
            [
                960,
                960
            ],
            [
                960,
                960
            ]
        ],
        "calib_accel_bias": [
            -0.0404819832775373,
            -0.0626694417308234,
            0.18555125813246116,
            0.0,
            0.0,
            0.0,
            0.0,
            0.0,
            0.0
        ],
        "calib_gyro_bias": [
            -0.0242030415176009,
            0.0077689996286988099,
            -0.007188789234624314,
            0.0,
            0.0,
            0.0,
            0.0,
            0.0,
            0.0,
            0.0,
            0.0,
            0.0
        ],
        "imu_update_rate": 1000.5925408967925,
        "accel_noise_std": [
            0.016,
            0.016,
            0.016
        ],
        "gyro_noise_std": [
            0.000282,
            0.000282,
            0.000282
        ],
        "accel_bias_std": [
            0.001,
            0.001,
            0.001
        ],
        "gyro_bias_std": [
            0.0001,
            0.0001,
            0.0001
        ],
        "cam_time_offset_ns": 0,
        "view_offset": [
            0.0,
            0.0
        ],
        "vignette": []
    }
}
