{
    "value0": {
        "T_imu_cam": [
            {
                "px": -0.054508312925044315,
                "py": -0.009349053806633253,
                "pz": -0.0014606173869669697,
                "qx": 0.6985350039859812,
                "qy": 0.6933366569403985,
                "qz": -0.12341817649752293,
                "qw": 0.12689003924280412
            },
            {
                "px": 0.05561842000180798,
                "py": -0.008975723075548534,
                "pz": -0.0010322778096222979,
                "qx": 0.6928717010391858,
                "qy": 0.6988596397194932,
                "qz": -0.12534511991662436,
                "qw": 0.1257482038969017
            }
        ],
        "intrinsics": [
            {
                "camera_type": "fisheye62",
                "intrinsics": {
                    "fx": 191.81512527860997,
                    "fy": 191.81512527860997,
                    "cx": 322.3363672344891,
                    "cy": 230.91252871190804,
                    "k1": 0.2826733749137588,
                    "k2": 0.04485389364503838,
                    "k3": -0.23159293477047,
                    "k4": 0.17252098076454728,
                    "k5": -0.05923102131749867,
                    "k6": 0.008464187303170976,
                    "p1": 0.0003071636131976526,
                    "p2": -0.00016339700907873583
                }
            },
            {
                "camera_type": "fisheye62",
                "intrinsics": {
                    "fx": 190.8492701976998,
                    "fy": 190.8492701976998,
                    "cx": 318.19604289796405,
                    "cy": 231.34274234198122,
                    "k1": 0.27958820346599833,
                    "k2": 0.059949111732770996,
                    "k3": -0.2614234031859071,
                    "k4": 0.20107455466267768,
                    "k5": -0.07246281557357616,
                    "k6": 0.010839489313323897,
                    "p1": 4.377384148312255e-05,
                    "p2": 0.00020846850214223882
                }
            }
        ],
        "resolution": [
            [
                640,
                480
            ],
            [
                640,
                480
            ]
        ],
        "calib_accel_bias": [
            0.0,
            0.0,
            0.0,
            0.0,
            0.0,
            0.0,
            0.0,
            0.0,
            0.0
        ],
        "calib_gyro_bias": [
            0.0,
            0.0,
            0.0,
            0.0,
            0.0,
            0.0,
            0.0,
            0.0,
            0.0,
            0.0,
            0.0,
            0.0
        ],
        "imu_update_rate": 1000,
        "accel_noise_std": [
            0.016,
            0.016,
            0.016
        ],
        "gyro_noise_std": [
            0.000282,
            0.000282,
            0.000282
        ],
        "accel_bias_std": [
            0.001,
            0.001,
            0.001
        ],
        "gyro_bias_std": [
            0.0001,
            0.0001,
            0.0001
        ],
        "cam_time_offset_ns": 0,
        "view_offset": [
            1.5276490813652117,
            18.890914164695232
        ],
        "vignette": []
    }
}
