{
    "value0": {
        "T_imu_cam": [
            {
                "px": 0.0,
                "py": 0.0,
                "pz": 0.0,
                "qx": 0.0,
                "qy": 0.0,
                "qz": 0.0,
                "qw": 1.0
            },
            {
                "px": 0.0,
                "py": 0.0,
                "pz": 0.0,
                "qx": 0.0,
                "qy": 0.0,
                "qz": 0.0,
                "qw": 1.0
            }
        ],
        "intrinsics": [
            {
                "camera_type": "pinhole",
                "intrinsics": {
                    "fx": 483.2896996694573,
                    "fy": 482.1270951770039,
                    "cx": 319.7252112077485,
                    "cy": 237.9364587805433
                }
            },
            {
                "camera_type": "pinhole",
                "intrinsics": {
                    "fx": 483.2896996694573,
                    "fy": 482.1270951770039,
                    "cx": 319.7252112077485,
                    "cy": 237.9364587805433
                }
            }
        ],
        "resolution": [
            [
                640,
                480
            ],
            [
                640,
                480
            ]
        ],
        "calib_accel_bias": [
            0.0,
            0.0,
            0.0,
            0.0,
            0.0,
            0.0,
            0.0,
            0.0,
            0.0
        ],
        "calib_gyro_bias": [
            0.0,
            0.0,
            0.0,
            0.0,
            0.0,
            0.0,
            0.0,
            0.0,
            0.0,
            0.0,
            0.0,
            0.0
        ],
        "imu_update_rate": 416.0,
        "accel_noise_std": [
            0.008182447828798795,
            0.008182447828798795,
            0.008182447828798795
        ],
        "gyro_noise_std": [
            0.002268927090244338,
            0.002268927090244338,
            0.002268927090244338
        ],
        "accel_bias_std": [
            0.009999999873689375,
            0.009999999873689375,
            0.009999999873689375
        ],
        "gyro_bias_std": [
            0.0007071067802939111,
            0.0007071067802939111,
            0.0007071067802939111
        ],
        "cam_time_offset_ns": 0,
        "view_offset": 0,
        "vignette": []
    }
}
